Method,Fitness
GA,11.482665
KBGA,11.124503
