Method,Fitness
GA,20.622097
KBGA,19.954481
