Method,Fitness
GA,10.249828
KBGA,10.613049
