instance,baseline,ga_best,ga_worst,kbga_best,kbga_worst
Australia.csv.gz,11.925245,10.377239,10.377239,9.941032,9.941032
Austria.csv.gz,10.589023,9.624383,9.624383,9.588578,9.588578
China.csv.gz,10.205166,10.249828,10.249828,10.613049,10.613049
france.csv.gz,13.131038,9.994867,9.994867,13.501159,13.501159
germany.csv.gz,16.161942,12.87728,12.87728,12.487798,12.487798
HongKong.csv.gz,10.932106,9.297422,9.297422,9.165474,9.165474
Singapore.csv.gz,10.244024,11.15616,11.15616,9.609689,9.609689
uk.csv.gz,13.125023,12.213431,12.213431,10.848299,10.848299
usa_310.csv.gz,10.045542,10.900297,10.900297,11.306574,11.306574
