instance,baseline,ga_best,ga_worst,kbga_best,kbga_worst,baseline_active_towers,baseline_unserved_demand,baseline_overload,baseline_excessive_distance,baseline_imbalance,ga_active_towers,ga_unserved_demand,ga_overload,ga_excessive_distance,ga_imbalance,kbga_active_towers,kbga_unserved_demand,kbga_overload,kbga_excessive_distance,kbga_imbalance,ga_pop_size,ga_num_generations,ga_mutation_rate,ga_num_parents,ga_mutation_type,ga_crossover_method,kbga_pop_size,kbga_num_generations,kbga_mutation_rate,kbga_num_parents,kbga_mutation_type,kbga_crossover_method
germany.csv.gz,15.844791,14.904644,14.904644,14.290937,14.290937,445,0,377542,40.66,831.18,244,8888,545354,2982131.14,1661.52,178,16001,602868,3687255.13,2490.06,100,30,0.1,33,flip,uniform,100,30,0.1,33,flip,one_point
HongKong.csv.gz,10.930015,9.741342,9.741342,9.29445,9.29445,535,0,402652,2.32,1583.22,205,0,615303,29509.29,3016.94,79,0,724549,154749.98,7814.4,100,30,0.1,33,flip,one_point,100,30,0.1,33,flip,uniform
Australia.csv.gz,11.914864,11.482665,11.482665,11.124503,11.124503,808,0,173666,21.04,845.29,411,4032,412221,2613790.63,1432.72,298,4201,505759,2847241.16,2652.21,100,30,0.1,33,flip,one_point,100,30,0.1,33,flip,uniform
Austria.csv.gz,10.587303,9.973145,9.973145,9.813498,9.813498,440,0,385892,25.35,1085.88,219,27,587156,2904052.49,2321.96,203,0,593509,1328273.79,2743.98,100,30,0.1,33,flip,one_point,100,30,0.1,33,flip,uniform
Singapore.csv.gz,10.190756,12.146676,12.146676,10.278471,10.278471,2032,0,24929,1.24,296.07,900,0,156965,104115.93,552.99,353,0,456828,82185.69,1098.08,100,30,0.1,33,flip,one_point,100,30,0.1,33,flip,uniform
uk.csv.gz,12.651333,13.145371,13.145371,11.518897,11.518897,2236,0,42363,14.49,332.5,1101,911,128328,1423198.27,554.92,630,798,294520,1306950.82,1120.9,100,30,0.1,33,flip,one_point,100,30,0.1,33,flip,uniform
france.csv.gz,13.068276,12.409649,12.409649,14.343957,14.343957,2771,0,25898,20.51,369.7,1526,6869,45643,4494587.13,518.23,1521,12886,52712,4528629.68,531.18,100,30,0.1,33,flip,one_point,100,30,0.1,33,flip,uniform
China.csv.gz,10.211356,10.490025,10.490025,10.71016,10.71016,23986,0,1524,8.31,40.68,13501,990,1298,987860.91,61.47,13532,1546,2300,1103110.38,62.39,100,30,0.1,33,flip,one_point,100,30,0.1,33,flip,uniform
usa_310.csv.gz,10.057983,11.721934,11.721934,11.92641,11.92641,44961,0,313,9.42,17.37,27360,6744,334,3974125.3,25.83,27256,7689,329,4106223.71,25.8,100,30,0.1,33,flip,one_point,100,30,0.1,33,flip,uniform
