Method,Fitness
GA,12.409649
KBGA,14.343957
