Method,Fitness
GA,11.758402
KBGA,11.164212
