Method,Fitness
GA,19.714487
KBGA,19.618351
