Method,Fitness
GA,12.059271
KBGA,11.004035
