Method,Fitness
GA,14.904644
KBGA,14.290937
