Method,Fitness
GA,24.841892
KBGA,21.818522
