Method,Fitness
GA,17.395403
KBGA,16.216493
