Method,Fitness
GA,12.146676
KBGA,10.278471
