Method,Fitness
GA,24.006825
KBGA,24.027837
