Method,Fitness
GA,12.089085
KBGA,10.568668
