Method,Fitness
GA,13.145371
KBGA,11.518897
