Method,Fitness
GA,12.213431
KBGA,10.848299
