Method,Fitness
GA,10.900297
KBGA,11.306574
